{"cameraMode":{"drawMode":0,"name":"Shaded","section":"Shading Mode"},"sceneLighting":false,"audioPlay":false,"sceneViewState":{"showFog":true,"showMaterialUpdate":true,"showSkybox":false,"showFlares":true,"showImageEffects":true,"showParticleSystems":true},"in2DMode":false,"pivot":{"x":1.2773948907852173,"y":10.874216079711914,"z":-0.27388671040534975},"rotation":{"x":0.05872689187526703,"y":0.09960918873548508,"z":-0.005488645285367966,"w":0.9932780861854553},"size":84.38484191894531,"orthographic":false}