{"cameraMode":{"drawMode":0,"name":"Shaded","section":"Shading Mode"},"sceneLighting":false,"audioPlay":false,"sceneViewState":{"showFog":true,"showMaterialUpdate":true,"showSkybox":false,"showFlares":true,"showImageEffects":true,"showParticleSystems":true},"in2DMode":false,"pivot":{"x":-0.8599944114685059,"y":110.0006103515625,"z":-7.152557373046875e-7},"rotation":{"x":0.405533105134964,"y":0.07491553574800492,"z":-0.03293728083372116,"w":0.9104264974594116},"size":454.4677429199219,"orthographic":false}