{"cameraMode":{"drawMode":0,"name":"Shaded","section":"Shading Mode"},"sceneLighting":false,"audioPlay":false,"sceneViewState":{"showFog":true,"showMaterialUpdate":true,"showSkybox":false,"showFlares":true,"showImageEffects":true,"showParticleSystems":true},"in2DMode":false,"pivot":{"x":2.3400001525878908,"y":15.0,"z":-3.819999933242798},"rotation":{"x":0.15439297258853913,"y":-0.004952426068484783,"z":0.0011768597178161145,"w":0.9880048036575317},"size":45.94605255126953,"orthographic":false}