{"cameraMode":{"drawMode":0,"name":"Shaded","section":"Shading Mode"},"sceneLighting":true,"audioPlay":false,"sceneViewState":{"showFog":true,"showMaterialUpdate":true,"showSkybox":false,"showFlares":true,"showImageEffects":true,"showParticleSystems":true},"in2DMode":false,"pivot":{"x":-116.90318298339844,"y":31.207290649414064,"z":2.3580703735351564},"rotation":{"x":0.5474465489387512,"y":0.02232888527214527,"z":-0.014134240336716175,"w":0.8364447951316834},"size":1497.771728515625,"orthographic":false}