{"cameraMode":{"drawMode":0,"name":"Shaded","section":"Shading Mode"},"sceneLighting":true,"audioPlay":false,"sceneViewState":{"showFog":true,"showMaterialUpdate":true,"showSkybox":true,"showFlares":true,"showImageEffects":true,"showParticleSystems":true},"in2DMode":false,"pivot":{"x":13.435670852661133,"y":-22.649063110351564,"z":20.456270217895509},"rotation":{"x":-0.2956412732601166,"y":0.6844034790992737,"z":-0.5600581169128418,"w":-0.36128029227256777},"size":2093.64111328125,"orthographic":false}